rank,num_players,name,key_1,key_2,key_3
0,2,,7,0.13949386065204183,0.29214464853521815,0.3663618432936917
1,2,,4,0.8324426408004217,0.21233911067827616,0.18182496720710062
